W_PCT,FGM,FGA,FG_PCT,FG3M,FG3A,FG3_PCT,FTM,FTA,FT_PCT,OREB,DREB,REB,AST,TOV,STL,BLK,BLKA,PF,PFD,PTS,OPP_FGM,OPP_FGA,OPP_FG_PCT,OPP_FG3M,OPP_FG3A,OPP_FG3_PCT,OPP_FTM,OPP_FTA,OPP_FT_PCT,OPP_OREB,OPP_DREB,OPP_REB,OPP_AST,OPP_TOV,OPP_STL,OPP_BLK,OPP_BLKA,OPP_PF,OPP_PFD,OPP_PTS
0.354,41.4,91.8,0.451,13.0,37.0,0.352,17.6,23.4,0.752,11.6,34.5,46.1,25.8,17.0,8.2,5.1,5.5,23.6,22.2,113.3,42.8,90.5,0.473,12.4,34.4,0.359,21.5,28.3,0.758,10.6,35.4,46.0,26.9,15.0,9.9,5.5,5.1,22.2,23.6,119.4
0.598,42.1,90.5,0.465,12.6,34.5,0.365,15.6,19.5,0.802,9.8,34.7,44.5,26.3,12.8,8.6,5.3,3.9,20.4,19.5,112.4,39.5,88.1,0.448,11.5,33.5,0.344,17.4,22.8,0.764,10.4,35.5,45.9,23.7,15.1,6.8,3.9,5.3,19.5,20.4,108.0
0.232,38.9,87.6,0.444,10.3,29.1,0.355,16.4,20.7,0.792,10.7,31.9,42.7,20.7,13.5,6.5,2.4,5.6,20.0,19.4,104.5,43.2,87.2,0.495,12.0,31.6,0.38,15.8,20.5,0.77,9.5,34.6,44.1,25.7,12.5,6.9,5.6,2.4,19.4,20.0,114.1
0.402,43.7,92.2,0.473,10.3,29.9,0.344,17.8,23.4,0.761,11.1,36.2,47.3,27.0,14.8,7.4,5.4,5.4,21.1,21.0,115.4,43.3,92.8,0.466,12.3,33.7,0.364,17.9,23.5,0.764,11.0,34.8,45.8,26.5,13.6,8.6,5.4,5.4,21.0,21.1,116.8
0.268,39.8,87.9,0.453,9.1,25.9,0.351,16.2,20.7,0.783,8.8,34.1,42.9,21.9,14.1,7.4,4.3,5.8,20.3,18.7,104.9,42.2,89.2,0.473,12.1,33.0,0.365,16.8,22.0,0.763,10.0,36.4,46.4,25.5,13.3,7.3,5.8,4.3,18.7,20.3,113.4
0.402,38.8,86.9,0.447,12.5,36.6,0.34,18.8,25.3,0.742,10.1,35.2,45.3,23.4,14.2,6.5,4.3,4.5,20.1,23.2,108.9,40.9,89.2,0.459,11.2,32.5,0.344,17.1,22.0,0.777,10.2,34.6,44.8,24.5,13.0,7.8,4.5,4.3,23.2,20.1,110.1
0.659,41.9,90.0,0.466,11.0,31.4,0.351,15.8,20.9,0.755,11.9,34.5,46.4,27.4,13.4,7.7,4.4,5.0,20.0,20.4,110.7,39.6,86.4,0.458,10.8,31.9,0.339,16.7,22.2,0.753,9.7,32.7,42.5,24.6,13.5,7.4,5.0,4.4,20.4,20.0,106.7
0.695,44.0,89.8,0.491,13.3,34.4,0.385,16.3,20.4,0.801,9.7,36.5,46.2,29.4,14.3,7.6,6.4,3.6,21.4,19.5,117.7,40.4,91.1,0.444,11.6,33.6,0.347,18.7,24.2,0.773,10.8,33.5,44.3,24.3,13.5,7.7,3.6,6.4,19.5,21.4,111.2
0.646,39.2,87.4,0.449,16.1,45.4,0.356,19.3,24.4,0.791,10.2,31.9,42.1,21.2,13.3,8.5,4.9,4.5,22.0,20.0,113.9,40.4,86.7,0.466,10.1,29.8,0.34,18.2,23.7,0.768,11.0,34.5,45.4,23.5,15.0,7.4,4.5,4.9,20.0,22.0,109.1
0.585,41.3,87.5,0.471,10.0,25.8,0.388,22.6,28.5,0.792,9.7,35.8,45.5,24.0,14.5,6.8,4.7,6.1,23.3,24.0,115.1,41.7,91.3,0.457,10.4,30.2,0.343,20.5,26.3,0.777,11.3,34.5,45.7,24.1,13.2,8.3,6.1,4.7,24.0,23.3,114.3
0.451,42.6,90.5,0.47,10.3,31.0,0.333,16.3,23.3,0.699,10.2,36.4,46.6,25.6,15.7,7.5,5.4,5.1,20.7,20.8,111.8,41.9,92.8,0.452,11.8,34.0,0.349,17.8,22.7,0.784,11.3,35.6,46.9,25.0,14.2,8.3,5.1,5.4,20.8,20.7,113.5
0.476,39.6,88.0,0.45,11.3,32.4,0.349,15.1,21.7,0.695,11.2,35.1,46.3,24.3,14.7,7.6,5.5,4.7,20.9,20.1,105.7,38.3,86.8,0.441,11.9,33.1,0.358,17.5,22.7,0.769,10.1,34.0,44.2,23.3,14.1,7.5,4.7,5.5,20.1,20.9,105.9
0.732,43.4,91.1,0.476,13.5,38.2,0.353,17.9,23.2,0.773,9.3,40.4,49.7,26.0,13.9,7.5,5.9,4.8,19.6,20.2,118.1,40.5,93.5,0.433,13.1,36.3,0.361,15.1,20.7,0.733,9.9,35.4,45.3,24.8,13.4,6.8,4.8,5.9,20.2,19.6,109.3
0.439,41.6,91.3,0.456,10.1,28.7,0.351,19.1,24.3,0.787,11.3,33.5,44.8,24.6,13.1,8.3,5.0,5.5,20.3,21.9,112.5,42.1,90.1,0.467,12.7,33.6,0.378,17.1,22.3,0.767,11.2,34.4,45.6,26.2,14.7,6.6,5.5,5.0,21.9,20.3,114.0
0.512,40.3,89.7,0.449,12.8,36.2,0.353,19.0,25.5,0.745,11.0,35.6,46.6,23.8,15.1,6.6,4.1,5.3,21.5,22.0,112.2,42.2,92.5,0.456,10.3,30.3,0.341,17.6,22.8,0.77,11.0,35.2,46.2,23.7,13.5,7.8,5.3,4.1,22.0,21.5,112.3
0.207,38.2,88.3,0.433,10.0,29.5,0.34,18.1,23.9,0.759,10.5,34.3,44.7,20.1,14.0,6.8,5.1,5.6,20.9,20.8,104.6,41.9,89.7,0.467,11.8,32.6,0.363,18.2,23.8,0.766,10.7,36.8,47.5,25.6,13.2,7.4,5.6,5.1,20.8,20.9,113.8
0.512,40.4,89.1,0.454,11.4,32.1,0.356,15.0,19.2,0.782,10.0,35.4,45.4,25.5,13.2,6.6,5.4,4.4,18.6,18.7,107.3,39.9,87.6,0.456,10.5,30.2,0.347,16.3,20.9,0.778,9.0,35.6,44.6,23.1,13.0,7.0,4.4,5.4,18.7,18.6,106.6
0.585,41.3,87.0,0.475,9.5,25.4,0.374,15.8,21.1,0.752,9.3,33.7,43.0,26.0,13.7,8.7,4.9,5.2,19.4,20.0,108.0,38.7,86.1,0.45,11.4,32.1,0.354,15.8,21.0,0.756,10.5,33.1,43.7,24.5,15.7,7.4,5.2,4.9,20.0,19.4,104.7
0.622,41.5,88.2,0.471,10.8,30.2,0.359,21.2,27.5,0.771,10.9,36.9,47.8,26.9,14.9,7.4,5.3,4.1,21.3,22.1,115.2,41.7,91.5,0.455,10.3,30.0,0.342,18.8,24.5,0.768,10.0,33.5,43.5,23.4,12.7,7.7,4.1,5.3,22.1,21.3,112.5
0.232,40.1,87.4,0.459,9.6,29.3,0.329,17.6,22.7,0.779,9.1,31.3,40.4,23.9,15.6,9.0,5.1,5.0,23.6,20.7,107.5,42.5,88.2,0.482,11.1,29.9,0.372,20.8,27.6,0.753,11.8,35.3,47.2,25.9,15.7,9.0,5.0,5.1,20.7,23.6,116.8
0.646,42.3,90.6,0.467,11.0,30.7,0.359,19.0,23.3,0.814,11.8,36.2,48.0,23.0,13.8,6.7,5.0,5.1,20.4,20.7,114.7,41.1,90.0,0.457,10.7,29.8,0.359,17.5,22.8,0.77,10.3,32.6,42.8,23.2,12.4,7.4,5.1,5.0,20.7,20.4,110.5
0.476,43.2,93.1,0.464,11.3,29.9,0.378,16.5,22.7,0.726,11.0,34.4,45.4,25.4,13.4,8.3,4.4,5.1,21.4,21.4,114.2,42.3,90.6,0.466,12.0,34.6,0.348,18.8,24.4,0.77,11.2,36.8,48.0,24.7,15.9,7.5,5.1,4.4,21.4,21.4,115.3
0.585,42.3,88.4,0.478,9.9,25.3,0.392,17.2,21.0,0.819,9.2,35.5,44.7,24.5,12.1,6.1,4.7,4.0,18.1,19.6,111.7,41.5,89.7,0.463,11.7,32.7,0.359,15.2,20.2,0.755,9.2,34.7,43.9,24.7,12.2,7.2,4.0,4.7,19.6,18.1,110.0
0.598,42.6,94.0,0.454,11.4,32.6,0.348,17.8,25.0,0.713,12.6,35.5,48.1,23.4,14.0,9.3,5.2,5.1,22.4,22.5,114.5,40.8,88.7,0.46,11.2,31.6,0.356,18.3,24.0,0.761,9.9,35.8,45.7,24.9,16.7,8.2,5.1,5.2,22.5,22.4,111.1
0.707,42.2,89.1,0.474,12.4,33.8,0.366,17.7,22.0,0.804,9.6,35.6,45.2,25.4,14.0,8.3,5.3,4.5,21.0,20.5,114.4,40.3,89.7,0.449,10.8,31.2,0.345,17.1,22.3,0.765,10.6,34.2,44.8,24.5,14.9,7.6,4.5,5.3,20.5,21.0,108.4
0.61,40.4,86.4,0.468,12.1,34.0,0.356,18.8,25.5,0.736,10.0,36.4,46.4,26.0,15.1,8.1,5.9,4.6,21.1,22.4,111.7,40.0,88.5,0.452,9.8,27.7,0.355,16.7,22.2,0.753,8.9,33.7,42.6,21.6,13.9,8.5,4.6,5.9,22.4,21.1,106.5
0.402,38.0,84.4,0.45,9.9,28.9,0.342,17.7,23.0,0.772,8.8,33.0,41.8,23.9,14.0,8.3,5.5,4.9,22.0,21.4,103.5,37.6,83.4,0.451,11.6,32.2,0.36,19.3,24.7,0.784,9.5,35.2,44.7,23.4,15.2,7.6,4.9,5.5,21.4,22.0,106.1
0.39,42.1,90.1,0.468,11.3,33.3,0.341,18.4,23.9,0.768,9.7,32.7,42.4,26.3,14.1,8.3,4.6,4.6,20.7,21.2,114.0,43.4,90.5,0.48,12.1,32.8,0.37,18.0,23.1,0.778,11.4,35.8,47.3,26.2,15.8,7.7,4.6,4.6,21.2,20.7,116.9
0.5,38.8,88.3,0.44,12.1,34.8,0.348,17.3,23.1,0.747,11.4,33.6,45.0,22.5,13.8,6.9,4.0,5.1,22.1,21.3,107.0,39.9,85.0,0.469,9.6,27.8,0.345,17.9,23.7,0.755,9.1,34.6,43.7,23.7,14.1,6.9,5.1,4.0,21.3,22.1,107.3
0.476,40.2,89.8,0.448,11.9,33.9,0.351,18.4,23.1,0.797,9.9,33.9,43.8,23.2,12.2,7.2,4.9,6.0,18.9,20.6,110.7,41.9,89.2,0.47,12.1,33.5,0.361,15.9,20.2,0.787,10.1,35.7,45.8,26.0,13.5,6.9,6.0,4.9,20.6,18.9,111.8
0.299,40.6,90.6,0.449,12.0,36.1,0.333,18.5,23.4,0.79,9.9,33.4,43.3,24.0,16.2,7.8,5.1,6.4,23.1,21.0,111.8,43.3,90.7,0.478,11.9,32.7,0.363,21.2,27.4,0.772,11.2,35.9,47.0,25.0,15.0,9.0,6.4,5.1,21.0,23.1,119.7
0.667,41.3,89.6,0.461,12.6,34.5,0.364,18.6,23.2,0.801,10.7,35.4,46.1,23.0,13.8,8.3,5.6,5.5,21.6,20.7,113.7,38.4,87.1,0.441,11.8,34.8,0.34,18.8,24.5,0.767,10.3,34.0,44.3,22.4,15.2,7.1,5.5,5.6,20.7,21.6,107.3
0.292,40.3,87.9,0.458,11.2,31.8,0.351,15.1,19.9,0.758,10.8,33.4,44.2,23.1,16.5,6.9,3.2,6.3,18.3,19.6,106.9,43.9,89.4,0.491,12.4,33.0,0.375,14.7,19.2,0.767,9.7,33.1,42.9,26.1,13.0,9.4,6.3,3.2,19.6,18.3,114.8
0.417,42.6,91.6,0.465,13.6,36.9,0.37,17.1,23.4,0.729,11.1,35.4,46.5,26.8,16.4,7.5,5.0,4.8,21.2,21.1,115.8,42.7,91.8,0.465,12.2,33.9,0.361,19.4,24.7,0.789,10.1,34.7,44.8,24.5,14.5,8.5,4.8,5.0,21.1,21.2,117.1
0.338,39.6,88.6,0.447,12.2,35.1,0.348,15.5,20.5,0.755,10.5,31.4,41.9,23.2,15.5,10.0,4.1,5.9,21.8,19.2,106.8,39.5,82.5,0.479,11.2,31.6,0.353,19.7,26.0,0.759,10.2,35.4,45.5,25.4,18.3,8.2,5.9,4.1,19.2,21.8,109.9
0.573,41.7,90.3,0.461,15.1,41.3,0.367,18.6,23.8,0.779,10.5,36.4,46.9,24.7,12.7,6.1,4.8,4.1,19.5,21.3,117.0,41.9,91.6,0.458,12.3,34.9,0.351,16.0,21.0,0.76,10.4,35.0,45.4,23.9,11.9,7.0,4.1,4.8,21.3,19.5,112.1
0.63,42.0,88.9,0.473,11.0,30.6,0.359,16.2,20.9,0.777,10.8,33.4,44.1,26.7,13.8,8.0,4.6,4.4,20.3,20.5,111.3,40.0,86.5,0.463,12.1,33.9,0.358,17.1,22.5,0.759,10.1,32.6,42.6,25.4,14.3,7.2,4.4,4.6,20.5,20.3,109.2
0.231,38.6,88.2,0.438,10.4,31.3,0.334,18.7,23.2,0.803,10.0,32.9,42.8,25.6,14.9,8.2,4.6,4.9,20.1,20.1,106.3,42.2,88.6,0.476,13.5,34.8,0.389,17.1,21.9,0.783,10.2,36.3,46.5,26.1,15.6,8.2,4.9,4.6,20.1,20.1,115.0
0.611,40.8,90.4,0.451,15.6,45.3,0.345,20.6,26.1,0.791,9.8,34.5,44.3,21.6,14.7,8.7,5.2,4.9,21.8,21.0,117.8,42.3,91.5,0.462,12.2,35.0,0.349,18.0,23.7,0.761,11.2,36.7,47.9,25.3,16.2,8.0,4.9,5.2,21.0,21.8,114.8
0.681,41.6,89.2,0.466,12.4,33.5,0.371,20.8,26.3,0.791,10.7,37.0,47.7,23.7,14.6,7.1,4.7,4.7,22.1,22.9,116.3,39.5,90.2,0.438,12.3,35.6,0.345,18.5,24.5,0.756,10.7,34.6,45.3,23.7,14.1,7.5,4.7,4.7,22.9,22.1,109.9
0.732,42.3,88.3,0.48,11.0,31.6,0.349,17.7,24.3,0.729,10.7,35.1,45.7,25.4,15.2,8.6,6.6,3.7,20.7,21.7,113.4,39.1,87.1,0.448,11.6,33.4,0.349,17.9,22.9,0.781,9.4,32.9,42.3,23.4,15.9,8.2,3.7,6.6,21.7,20.7,107.6
0.603,39.5,84.4,0.468,13.4,35.4,0.379,19.7,25.2,0.783,8.5,35.9,44.4,25.9,14.9,7.5,4.5,4.1,20.6,21.7,112.0,38.8,86.7,0.448,13.1,37.7,0.347,18.4,23.6,0.783,9.2,33.3,42.5,24.6,14.0,7.5,4.1,4.5,21.7,20.6,109.1
0.767,43.3,90.9,0.476,13.8,38.9,0.355,18.3,24.7,0.742,9.5,42.2,51.7,25.9,15.1,7.2,5.9,4.5,19.6,21.7,118.7,38.9,94.0,0.414,14.0,39.3,0.355,16.7,21.2,0.787,9.5,36.3,45.8,24.2,14.1,7.4,4.5,5.9,21.7,19.6,108.6
0.297,40.4,91.6,0.441,13.3,39.7,0.336,19.1,25.4,0.753,10.5,34.3,44.8,23.8,15.3,8.7,5.7,5.5,21.4,21.6,113.3,43.1,90.4,0.477,11.6,31.9,0.363,19.7,25.2,0.783,10.1,37.2,47.3,24.4,15.5,7.8,5.5,5.7,21.6,21.4,117.5
0.486,40.4,90.3,0.448,13.1,38.1,0.343,17.9,24.1,0.745,10.6,37.3,47.9,24.5,15.3,6.4,4.5,5.3,21.0,21.1,111.8,41.4,92.9,0.446,12.2,34.8,0.35,17.4,22.6,0.769,10.6,35.3,45.9,22.6,12.8,7.7,5.3,4.5,21.1,21.0,112.3
0.318,40.0,89.3,0.447,9.6,28.4,0.337,16.3,23.5,0.694,12.0,34.5,46.5,22.1,14.3,7.6,4.7,5.0,22.2,19.8,105.8,39.9,86.0,0.463,13.3,34.9,0.381,19.2,25.7,0.749,9.6,34.6,44.2,24.3,13.7,7.2,5.0,4.7,19.8,22.2,112.3
0.452,39.3,88.6,0.444,11.1,32.2,0.343,17.6,22.7,0.774,10.3,34.2,44.5,23.9,12.8,8.2,5.4,4.6,18.3,19.5,107.3,40.4,86.9,0.465,12.2,33.6,0.364,15.3,19.8,0.771,9.0,35.8,44.9,24.7,14.6,7.0,4.6,5.4,19.5,18.3,108.3
0.616,42.1,88.5,0.476,10.2,28.0,0.363,15.0,19.1,0.787,8.7,34.1,42.8,25.9,13.2,7.4,5.2,4.6,19.8,18.8,109.4,39.5,88.5,0.446,11.5,33.6,0.341,17.0,21.6,0.788,10.4,34.9,45.2,23.1,14.7,6.9,4.6,5.2,18.8,19.8,107.5
0.589,41.1,87.9,0.468,11.6,31.6,0.368,16.9,22.4,0.755,10.5,35.0,45.4,25.8,14.2,8.0,5.3,4.0,20.9,20.5,110.7,39.8,86.0,0.463,10.4,29.4,0.353,18.4,24.5,0.751,8.6,33.2,41.8,22.8,13.8,7.0,4.0,5.3,20.5,20.9,108.4
0.466,41.2,88.1,0.468,11.4,31.8,0.358,19.9,23.8,0.834,9.8,33.8,43.5,27.2,14.8,7.7,4.0,5.5,22.0,22.6,113.6,41.2,87.4,0.472,11.6,32.0,0.363,19.3,24.5,0.788,9.1,34.2,43.3,23.6,15.6,7.9,5.5,4.0,22.6,22.0,113.4
0.473,42.2,91.2,0.463,12.9,34.1,0.377,17.7,22.1,0.804,10.2,35.1,45.3,20.6,12.8,6.3,6.1,4.9,21.7,20.1,115.0,41.8,91.6,0.456,13.6,35.4,0.383,19.1,24.7,0.771,11.5,35.4,46.9,24.9,12.9,6.8,4.9,6.1,20.1,21.7,116.1
0.431,40.9,88.4,0.462,12.7,34.9,0.364,15.7,20.3,0.77,9.7,32.9,42.6,23.8,14.5,7.7,4.1,4.2,22.2,19.5,110.1,40.3,85.5,0.471,12.4,34.8,0.357,19.2,24.3,0.79,9.1,34.5,43.5,24.9,15.2,7.7,4.2,4.1,19.5,22.2,112.1
0.451,42.2,89.4,0.472,10.7,28.5,0.376,19.0,23.4,0.81,9.0,35.6,44.6,24.7,12.6,7.3,5.5,4.3,19.4,20.1,114.1,42.3,90.2,0.469,13.1,35.1,0.373,17.4,22.5,0.777,9.4,35.9,45.3,25.7,13.2,6.8,4.3,5.5,20.1,19.4,115.2
0.611,40.0,85.5,0.468,10.7,30.2,0.355,19.8,24.8,0.796,8.2,34.7,42.9,21.7,13.7,7.6,4.9,4.0,19.3,22.8,110.4,40.8,89.6,0.455,11.3,33.3,0.34,15.5,19.6,0.795,10.5,34.3,44.8,23.0,14.2,7.0,4.0,4.9,22.8,19.3,108.4
0.736,40.2,87.9,0.458,13.8,37.0,0.374,18.5,23.2,0.796,9.5,35.9,45.4,25.2,14.8,8.8,5.0,5.5,21.7,20.4,112.8,37.8,88.3,0.428,13.1,38.9,0.337,17.8,23.2,0.769,10.9,35.1,46.1,25.6,16.8,7.2,5.5,5.0,20.4,21.7,106.5
0.611,40.1,85.1,0.471,13.4,35.2,0.38,17.8,22.8,0.779,9.1,35.8,44.9,22.4,15.1,6.1,4.1,4.6,20.4,20.8,111.3,40.7,89.1,0.457,11.0,31.0,0.353,16.5,21.5,0.767,9.6,33.1,42.7,21.5,12.3,7.9,4.6,4.1,20.8,20.4,108.8
0.466,42.5,90.9,0.468,10.9,31.5,0.347,16.6,21.8,0.763,10.3,36.2,46.5,26.9,15.2,7.9,5.5,5.3,21.2,20.2,112.6,40.6,90.3,0.45,12.9,35.3,0.365,19.6,25.0,0.782,10.4,34.5,44.9,24.8,14.8,8.0,5.3,5.5,20.2,21.2,113.7
0.347,41.5,90.9,0.457,12.0,32.6,0.368,19.4,24.6,0.788,10.2,31.9,42.0,25.0,14.2,8.0,4.3,5.0,22.7,22.2,114.4,43.1,88.4,0.488,12.4,33.1,0.376,20.4,26.3,0.778,10.5,35.7,46.2,25.2,16.2,7.5,5.0,4.3,22.2,22.7,119.1
0.303,39.3,85.7,0.459,12.0,32.7,0.367,16.6,22.4,0.743,9.8,32.0,41.7,24.1,15.3,7.4,4.5,5.6,19.7,19.8,107.2,41.9,87.3,0.48,10.7,29.6,0.361,16.2,20.9,0.777,10.1,33.4,43.5,24.6,14.0,8.2,5.6,4.5,19.8,19.7,110.8
0.354,37.3,85.9,0.434,12.1,34.3,0.352,16.2,21.6,0.748,11.0,31.8,42.8,23.8,14.6,6.6,4.1,5.0,18.8,20.6,102.9,41.7,87.5,0.476,12.4,35.1,0.352,14.0,18.4,0.758,10.9,35.0,46.0,26.6,14.4,8.0,5.0,4.1,20.6,18.8,109.6
0.293,38.2,85.5,0.446,11.2,31.0,0.36,15.8,20.2,0.785,9.1,32.8,41.9,23.7,15.5,7.8,4.2,5.5,19.6,20.3,103.4,40.7,86.7,0.469,11.6,30.7,0.377,15.9,20.6,0.772,10.3,34.0,44.2,26.1,15.1,8.7,5.5,4.2,20.3,19.6,108.8
0.671,38.3,85.1,0.45,11.5,30.4,0.377,16.0,20.7,0.771,9.4,35.1,44.5,22.5,14.0,7.4,4.5,4.4,19.7,19.2,104.0,37.4,85.0,0.44,9.4,27.7,0.339,16.3,21.3,0.763,9.6,34.2,43.8,21.3,14.1,7.2,4.4,4.5,19.2,19.7,100.4
0.61,40.4,84.8,0.476,12.0,32.1,0.372,18.1,23.3,0.779,8.5,33.7,42.1,23.4,13.7,7.1,3.8,4.1,18.6,20.7,110.9,41.8,88.3,0.474,11.7,31.7,0.368,14.6,19.4,0.756,9.9,33.7,43.6,25.9,13.5,7.5,4.1,3.8,20.7,18.6,109.9
0.585,42.7,88.3,0.483,10.2,28.2,0.362,16.1,20.9,0.772,8.7,35.6,44.3,26.8,14.9,8.0,5.9,4.2,19.1,20.4,111.7,41.7,91.9,0.454,10.9,30.6,0.355,16.1,20.5,0.784,10.8,34.7,45.5,23.7,14.5,8.2,4.2,5.9,20.4,19.1,110.4
0.329,38.7,88.8,0.435,11.0,31.1,0.355,14.6,19.2,0.759,9.6,35.0,44.7,23.5,14.0,7.6,3.5,5.2,19.2,17.4,102.9,41.0,86.8,0.472,12.1,32.7,0.37,15.9,20.2,0.787,8.4,37.2,45.7,25.9,13.6,7.2,5.2,3.5,17.4,19.2,110.0
0.293,38.1,85.9,0.444,11.8,32.8,0.36,14.2,18.7,0.763,8.1,33.1,41.3,22.7,12.3,7.0,3.8,4.5,19.2,19.6,102.3,39.3,83.8,0.469,10.7,29.4,0.363,16.2,21.4,0.757,8.8,36.9,45.8,23.5,13.7,7.2,4.5,3.8,19.6,19.2,105.4
0.561,40.7,86.6,0.47,11.5,30.9,0.371,17.1,22.3,0.767,11.0,33.5,44.5,25.1,15.0,7.6,4.9,4.8,18.7,20.7,110.0,41.3,86.7,0.476,10.9,28.8,0.378,15.0,20.4,0.738,9.8,31.9,41.6,24.7,13.8,8.0,4.8,4.9,20.7,18.7,108.5
0.707,42.8,85.1,0.503,11.3,28.9,0.391,16.6,20.3,0.815,8.4,35.1,43.5,29.3,15.4,8.0,7.5,3.7,19.6,18.5,113.5,40.2,90.0,0.447,10.4,29.2,0.357,16.7,22.0,0.758,10.9,31.6,42.5,23.6,14.3,8.7,3.7,7.5,18.5,19.6,107.5
0.793,38.7,84.2,0.46,15.3,42.3,0.362,19.6,25.1,0.781,9.0,34.5,43.5,21.5,13.8,8.5,4.8,4.4,19.5,20.4,112.4,39.6,85.6,0.462,10.1,28.8,0.351,14.6,19.6,0.746,8.7,33.4,42.0,22.4,14.5,7.4,4.4,4.8,20.4,19.5,103.9
0.512,40.3,85.4,0.471,9.5,26.8,0.354,19.0,25.5,0.743,10.1,33.7,43.9,22.3,14.7,7.7,4.5,5.6,20.0,22.0,109.0,40.2,87.7,0.459,10.7,30.2,0.356,17.8,22.7,0.782,10.6,33.0,43.6,24.6,14.1,8.5,5.6,4.5,22.0,20.0,109.0
0.427,40.7,88.4,0.461,10.0,29.1,0.345,16.6,23.3,0.714,10.7,35.7,46.4,23.8,15.8,7.7,4.7,5.5,21.2,20.5,108.1,41.0,89.9,0.456,10.4,30.1,0.346,17.1,22.5,0.761,10.2,34.6,44.8,23.6,14.3,8.3,5.5,4.7,20.5,21.2,109.6
0.537,38.8,85.3,0.455,11.0,30.6,0.36,14.7,19.5,0.755,9.3,34.2,43.5,22.7,14.4,7.6,5.3,4.6,20.1,19.4,103.4,37.7,83.8,0.45,9.6,26.6,0.36,18.0,23.0,0.783,9.1,34.0,43.1,21.0,14.1,7.5,4.6,5.3,19.4,20.1,102.9
0.537,39.7,83.0,0.478,8.8,24.7,0.355,18.3,23.4,0.783,8.4,31.5,39.8,23.2,13.8,8.8,5.4,4.5,21.4,19.9,106.5,39.1,83.7,0.468,10.1,27.1,0.372,18.4,23.5,0.783,10.0,32.8,42.7,23.6,15.6,7.1,4.5,5.4,19.9,21.4,106.8
0.573,41.0,86.1,0.476,8.0,22.5,0.357,19.4,24.1,0.804,10.3,31.6,42.0,22.7,12.5,8.4,4.2,4.7,18.2,20.9,109.5,40.2,84.7,0.475,10.9,29.6,0.366,16.0,20.5,0.779,9.8,32.0,41.8,23.9,15.1,6.5,4.7,4.2,20.9,18.2,107.3
0.341,38.2,86.8,0.441,12.7,35.7,0.356,17.4,22.6,0.772,9.7,34.8,44.4,23.7,15.2,6.2,4.8,5.5,20.6,19.7,106.6,41.7,89.4,0.466,9.0,24.5,0.369,17.9,23.4,0.766,10.4,36.4,46.8,21.7,12.4,7.7,5.5,4.8,19.7,20.6,110.3
0.354,40.7,87.7,0.464,8.2,23.3,0.352,14.9,19.0,0.787,10.5,33.6,44.0,23.3,14.7,6.7,5.1,4.7,20.5,18.4,104.5,39.4,86.3,0.457,11.2,30.4,0.368,18.0,23.2,0.774,10.2,33.0,43.2,24.0,13.3,8.2,4.7,5.1,18.4,20.5,108.0
0.305,38.8,85.9,0.452,10.3,29.3,0.351,15.5,20.5,0.757,8.8,32.8,41.6,23.4,14.5,7.6,4.9,4.9,19.3,19.0,103.4,40.9,87.5,0.468,10.0,27.6,0.362,16.4,21.2,0.773,10.6,35.3,45.9,24.4,14.2,7.8,4.9,4.9,19.0,19.3,108.2
0.585,40.8,86.4,0.472,9.0,24.5,0.369,14.9,19.2,0.779,9.6,32.7,42.3,22.2,13.3,8.8,4.1,5.2,18.8,18.5,105.6,39.4,84.8,0.465,10.6,30.4,0.349,14.8,19.5,0.757,10.2,32.7,43.0,23.2,15.5,7.0,5.2,4.1,18.5,18.8,104.2
0.634,40.8,86.6,0.472,11.0,29.8,0.369,17.1,22.8,0.752,10.9,36.5,47.4,27.1,16.5,8.3,5.1,5.1,22.1,20.4,109.8,38.0,87.6,0.434,10.1,29.6,0.342,19.1,25.6,0.745,10.0,32.2,42.2,21.7,14.3,8.5,5.1,5.1,20.4,22.1,105.3
0.256,38.5,87.1,0.442,9.3,27.9,0.334,17.7,23.9,0.741,10.3,33.9,44.1,21.3,15.7,6.9,4.5,6.0,22.0,20.9,103.9,41.8,88.7,0.471,10.9,29.2,0.373,18.8,24.6,0.766,10.4,35.4,45.9,23.3,13.4,8.7,6.0,4.5,20.9,22.0,113.3
0.598,39.3,87.0,0.452,10.3,28.1,0.366,16.7,20.9,0.8,10.2,35.3,45.5,19.5,13.5,7.0,5.2,5.1,19.5,19.1,105.6,38.4,85.9,0.447,9.7,26.6,0.364,16.6,22.0,0.755,9.3,33.6,42.9,20.2,12.6,7.3,5.1,5.2,19.1,19.5,103.0
0.329,38.8,86.1,0.45,9.0,24.0,0.375,12.3,16.7,0.735,9.5,31.4,40.9,21.6,13.7,7.8,4.1,4.7,20.0,17.3,98.8,38.7,82.4,0.47,11.9,31.5,0.377,16.4,21.5,0.765,9.1,34.7,43.8,23.6,14.3,7.8,4.7,4.1,17.3,20.0,105.8
0.573,39.0,85.4,0.457,8.5,24.1,0.352,16.1,20.9,0.772,10.4,33.9,44.2,22.8,13.1,7.7,5.6,3.9,17.2,19.7,102.7,38.2,84.3,0.453,9.1,26.3,0.348,14.3,18.9,0.759,9.2,33.3,42.5,21.8,14.1,7.6,3.9,5.6,19.7,17.2,99.8
0.585,39.9,88.1,0.453,10.7,30.4,0.354,17.3,24.2,0.716,12.5,32.6,45.1,21.3,14.0,9.1,5.0,4.6,20.2,21.3,107.9,38.5,84.0,0.458,11.2,30.6,0.367,16.2,21.1,0.769,9.5,32.6,42.2,23.3,16.0,7.7,4.6,5.0,21.3,20.2,104.4
0.72,41.3,87.4,0.472,11.8,33.0,0.358,17.3,21.8,0.794,9.8,34.2,44.0,24.3,13.4,7.6,6.1,4.9,21.7,19.9,111.7,38.4,85.6,0.449,8.9,25.0,0.357,18.2,23.7,0.767,9.8,32.6,42.4,21.8,14.3,7.2,4.9,6.1,19.9,21.7,103.9
0.585,38.3,82.9,0.462,10.8,29.6,0.366,16.8,21.5,0.779,9.0,34.2,43.3,22.4,14.7,8.6,5.1,4.6,19.6,20.5,104.1,37.3,83.0,0.449,9.5,26.0,0.365,15.8,20.5,0.771,8.7,33.0,41.6,20.0,14.9,8.3,4.6,5.1,20.5,19.6,99.8
0.268,36.7,82.8,0.444,9.2,26.2,0.352,16.6,21.1,0.786,9.5,31.0,40.5,21.5,15.0,7.5,4.8,5.1,23.2,20.4,99.3,37.1,80.3,0.462,10.7,29.0,0.368,20.6,26.8,0.769,9.5,33.0,42.5,22.1,14.8,8.1,5.1,4.8,20.4,23.2,105.5
0.524,39.9,85.6,0.467,9.9,26.5,0.375,16.8,21.8,0.772,10.0,33.1,43.1,25.2,14.6,7.9,4.3,4.7,21.3,20.0,106.6,39.0,84.4,0.462,10.2,29.2,0.349,17.9,23.5,0.761,9.8,32.7,42.5,22.3,14.9,7.8,4.7,4.3,20.0,21.3,106.0
0.476,39.1,86.9,0.45,10.8,28.9,0.373,14.7,19.8,0.745,10.1,33.6,43.7,22.8,13.4,7.7,3.9,4.9,18.4,18.4,103.8,39.1,85.2,0.459,11.1,30.8,0.359,14.6,18.9,0.776,9.2,34.5,43.8,25.2,14.8,7.3,4.9,3.9,18.4,18.4,103.9
0.439,39.0,86.7,0.45,10.0,27.2,0.369,20.2,27.0,0.747,10.1,35.4,45.5,21.6,12.7,6.8,4.5,4.9,17.2,22.4,108.2,41.1,87.8,0.468,11.3,30.1,0.375,14.5,18.2,0.795,8.4,35.3,43.7,24.7,13.6,6.6,4.9,4.5,22.4,17.2,108.0
0.524,38.1,84.4,0.451,8.9,26.1,0.341,18.1,24.9,0.728,10.3,34.1,44.3,23.6,15.8,8.2,4.8,5.2,18.2,21.6,103.2,38.8,87.3,0.444,10.9,30.5,0.357,15.6,20.2,0.772,10.7,33.2,43.9,23.4,15.4,9.0,5.2,4.8,21.6,18.2,104.0
0.646,38.6,85.1,0.454,12.0,33.4,0.359,18.7,23.2,0.807,9.1,32.9,42.0,25.2,13.3,7.5,4.1,5.2,20.6,20.3,108.0,38.6,85.8,0.45,9.0,27.0,0.332,19.1,24.9,0.769,10.8,33.8,44.5,22.6,13.9,7.6,5.2,4.1,20.3,20.6,105.4
0.622,39.9,84.9,0.47,13.0,33.9,0.384,17.5,23.3,0.748,9.3,34.4,43.7,22.7,13.7,6.6,4.0,4.3,18.1,20.6,110.3,40.6,88.8,0.458,10.4,28.7,0.361,15.5,20.0,0.773,11.0,33.2,44.2,24.7,12.6,7.3,4.3,4.0,20.6,18.1,107.2
0.415,39.1,87.0,0.45,9.4,26.8,0.35,16.7,22.3,0.75,8.6,35.1,43.7,22.8,12.9,7.8,5.5,4.2,18.2,19.3,104.3,40.1,89.0,0.45,10.5,29.8,0.353,15.8,20.7,0.762,10.6,37.7,48.3,23.4,14.0,7.4,4.2,5.5,19.3,18.2,106.4
0.5,38.6,87.1,0.444,7.6,22.3,0.34,18.0,22.5,0.798,12.2,34.1,46.3,22.6,13.6,7.8,4.8,4.6,17.7,18.8,102.9,39.5,86.6,0.456,8.9,25.9,0.345,14.6,19.0,0.77,10.3,32.9,43.2,23.6,13.4,7.3,4.6,4.8,18.8,17.7,102.4
0.402,36.2,82.3,0.44,10.7,30.2,0.355,14.8,18.5,0.801,7.9,30.7,38.6,20.8,11.9,7.5,3.7,3.4,19.1,19.4,97.9,37.0,79.0,0.469,9.6,25.3,0.38,17.2,22.3,0.772,8.9,35.6,44.5,21.3,14.9,6.5,3.4,3.7,19.4,19.1,100.8
0.488,41.2,87.7,0.469,10.6,28.8,0.368,18.7,24.2,0.774,11.8,34.6,46.4,25.3,15.0,6.9,3.9,4.9,19.1,20.2,111.7,42.1,88.4,0.477,9.9,26.3,0.375,17.1,21.9,0.782,9.4,31.4,40.8,24.0,12.0,8.3,4.9,3.9,20.2,19.1,111.2
0.817,43.1,87.1,0.495,12.0,31.2,0.383,17.8,22.6,0.788,9.4,35.0,44.4,30.4,14.8,9.6,6.8,3.8,19.3,19.4,115.9,38.8,89.2,0.435,9.0,27.8,0.324,17.7,23.2,0.761,11.7,31.8,43.5,22.7,15.5,8.6,3.8,6.8,19.4,19.3,104.3
0.671,40.3,87.2,0.462,14.4,40.3,0.357,20.3,26.5,0.766,10.9,33.5,44.4,25.2,15.1,8.2,4.3,5.0,19.9,20.4,115.3,41.2,88.9,0.463,10.0,29.1,0.343,17.3,22.2,0.778,10.7,33.4,44.1,24.1,15.1,8.5,5.0,4.3,20.4,19.9,109.6
0.622,39.5,83.2,0.475,10.3,27.4,0.375,19.3,26.0,0.745,9.0,34.0,43.0,22.5,13.0,7.5,4.2,3.1,19.8,22.4,108.7,38.6,85.4,0.452,9.2,26.3,0.35,18.0,23.4,0.772,10.2,32.9,43.1,23.1,13.2,7.0,3.1,4.2,22.4,19.8,104.4
0.317,39.3,87.4,0.45,8.9,25.7,0.346,17.0,22.6,0.754,11.4,32.1,43.5,20.9,15.2,8.2,3.9,5.4,20.7,18.5,104.6,41.5,86.0,0.483,10.1,27.4,0.37,18.3,24.0,0.762,10.3,34.2,44.4,25.7,14.5,8.5,5.4,3.9,18.5,20.7,111.5
0.5,39.0,85.8,0.455,9.9,27.0,0.365,15.2,21.6,0.706,10.6,33.0,43.6,21.2,13.4,7.2,5.7,4.9,20.5,18.7,103.2,37.9,84.2,0.45,7.8,22.7,0.343,18.5,23.7,0.782,10.2,33.4,43.6,19.6,13.7,6.8,4.9,5.7,18.7,20.5,102.1
0.512,38.8,81.9,0.474,8.8,23.7,0.37,17.2,22.4,0.768,8.8,31.6,40.4,24.2,14.0,8.1,5.3,4.6,20.2,19.3,103.6,38.0,82.9,0.458,10.0,28.2,0.353,17.9,23.2,0.771,10.3,32.1,42.4,24.1,14.7,7.4,4.6,5.3,19.3,20.2,103.8
0.378,39.5,84.4,0.467,7.3,21.0,0.349,19.3,24.2,0.799,11.4,31.0,42.4,23.7,14.0,8.0,4.5,5.0,20.1,20.5,105.6,39.6,83.3,0.475,9.9,27.0,0.366,17.6,22.9,0.768,9.8,30.6,40.4,23.1,14.3,7.7,5.0,4.5,20.5,20.1,106.7
0.244,37.8,85.2,0.444,10.7,31.6,0.338,19.4,24.6,0.788,8.8,35.1,43.9,21.4,16.5,7.2,4.7,5.6,21.0,20.4,105.8,41.6,90.8,0.458,10.0,27.2,0.366,19.3,25.0,0.772,11.0,36.2,47.2,23.0,13.3,9.5,5.6,4.7,20.4,21.0,112.5
0.378,39.6,88.5,0.447,8.6,24.7,0.348,16.6,21.1,0.788,12.0,33.2,45.2,21.8,13.9,7.1,5.5,4.6,20.3,18.5,104.3,39.7,87.4,0.455,9.8,28.2,0.348,18.7,24.2,0.771,11.6,33.1,44.7,21.8,12.9,7.5,4.6,5.5,18.5,20.3,108.0
0.354,38.3,87.0,0.44,8.5,26.1,0.328,16.0,21.4,0.747,9.8,33.3,43.2,22.2,13.3,7.1,4.8,5.1,19.3,18.7,101.1,40.3,86.4,0.467,9.7,26.4,0.367,17.4,22.7,0.766,9.7,35.8,45.5,23.6,13.0,7.6,5.1,4.8,18.7,19.3,107.6
0.512,39.3,84.5,0.465,8.6,23.0,0.376,17.9,22.1,0.81,9.0,33.0,42.0,22.5,13.8,8.2,5.0,5.0,19.5,19.5,105.1,38.0,84.3,0.451,10.4,29.1,0.355,19.0,24.1,0.789,10.7,33.5,44.3,22.3,14.9,8.1,5.0,5.0,19.5,19.5,105.3
0.341,37.7,85.3,0.442,10.1,29.8,0.34,17.0,22.0,0.771,9.8,33.0,42.8,23.8,16.7,8.4,5.1,5.4,21.9,19.6,102.4,39.6,85.9,0.461,8.9,24.9,0.357,20.1,26.0,0.773,10.8,34.2,45.0,22.7,15.1,8.6,5.4,5.1,19.6,21.9,108.1
0.293,39.9,88.5,0.45,7.5,22.6,0.332,20.4,26.3,0.776,11.9,33.1,45.0,19.6,15.4,8.2,4.9,5.3,24.8,22.2,107.7,40.2,86.2,0.467,10.1,26.3,0.382,22.8,29.1,0.783,10.2,33.8,44.0,22.2,14.9,8.1,5.3,4.9,22.2,24.8,113.3
0.5,39.5,86.1,0.459,10.4,27.7,0.375,18.5,23.7,0.78,10.1,33.5,43.7,21.1,13.7,7.0,5.0,5.3,21.2,19.8,107.9,39.2,86.2,0.455,9.3,25.1,0.37,20.8,26.5,0.785,10.1,33.9,44.0,20.6,12.8,7.7,5.3,5.0,19.8,21.2,108.5
0.39,37.9,82.1,0.461,9.0,23.9,0.376,18.1,23.3,0.775,8.7,32.3,41.1,22.5,14.6,7.6,4.0,5.1,20.3,20.1,102.8,38.5,83.2,0.462,10.9,30.0,0.364,18.9,24.2,0.778,10.1,32.8,42.9,23.7,14.0,8.5,5.1,4.0,20.1,20.3,106.7
0.744,39.3,83.7,0.469,9.2,23.5,0.391,17.6,22.0,0.797,10.0,33.9,43.9,23.8,13.4,8.0,5.9,4.1,18.3,19.8,105.3,37.0,83.4,0.443,8.1,23.7,0.344,16.0,20.8,0.771,9.8,31.7,41.5,21.4,14.4,7.5,4.1,5.9,19.8,18.3,98.1
0.573,39.5,87.4,0.452,8.4,25.8,0.327,19.2,25.8,0.745,12.2,34.4,46.6,21.0,15.0,7.9,5.0,5.5,20.9,20.7,106.6,39.2,85.3,0.459,8.8,24.8,0.356,18.6,24.3,0.764,9.1,31.5,40.6,21.4,13.8,8.5,5.5,5.0,20.7,20.9,105.8
0.622,39.2,84.4,0.464,8.8,24.3,0.363,19.7,24.7,0.796,10.6,32.6,43.3,18.5,12.7,8.3,4.9,4.8,20.8,20.3,106.9,37.2,82.9,0.449,9.7,27.3,0.354,18.5,23.8,0.78,10.1,31.9,42.1,21.8,14.6,6.7,4.8,4.9,20.3,20.8,102.6
0.622,37.0,79.5,0.466,9.6,26.0,0.372,17.1,22.9,0.747,9.4,33.8,43.2,20.1,13.6,6.7,5.0,3.8,18.8,20.2,100.7,36.3,82.0,0.443,8.2,22.9,0.358,16.0,20.7,0.769,9.0,31.1,40.2,17.8,12.1,7.3,3.8,5.0,20.2,18.8,96.8
0.524,36.4,83.6,0.435,9.4,26.5,0.354,18.3,23.4,0.784,10.8,32.0,42.8,21.3,12.9,8.0,4.2,5.0,22.4,20.8,100.5,34.9,78.8,0.443,9.9,28.0,0.354,20.2,26.9,0.753,9.3,32.8,42.1,20.1,14.3,7.0,5.0,4.2,20.8,22.4,100.0
0.598,41.3,87.0,0.475,9.2,24.8,0.372,17.3,22.1,0.784,10.3,32.6,42.9,23.9,14.2,8.5,4.1,4.6,21.3,19.8,109.2,39.7,85.1,0.466,9.9,27.1,0.364,18.2,24.2,0.751,10.6,32.5,43.0,22.8,15.3,7.4,4.6,4.1,19.8,21.3,107.4
0.451,39.9,88.8,0.449,7.7,23.4,0.33,13.9,19.3,0.719,11.1,34.6,45.7,21.1,11.9,7.0,3.8,4.1,17.9,17.5,101.3,38.3,83.3,0.46,9.4,25.6,0.366,16.4,21.0,0.78,8.0,34.9,42.9,23.5,12.8,6.7,4.1,3.8,17.5,17.9,102.5
0.439,37.7,85.4,0.442,10.0,28.6,0.351,19.4,23.8,0.815,8.8,34.8,43.6,23.1,11.5,7.0,4.8,5.5,16.6,19.9,104.9,39.5,86.5,0.456,11.6,31.4,0.369,14.2,18.2,0.776,8.9,35.5,44.4,24.5,13.1,6.6,5.5,4.8,19.9,16.6,104.7
